{
    "scale_": [
        0.02042900919305414,
        0.03819709702062643,
        0.014306151645207437,
        0.08561643835616438,
        0.008333333333333333,
        0.013674278681799537,
        0.010267994660642777,
        0.015006002400960387,
        0.04972650422675286,
        0.4587155963302752,
        0.019516003122560497,
        0.06711409395973154
    ],
    "min_": [
        -2.8600612870275794,
        -0.4965622612681436,
        -0.001430615164520744,
        -1.583904109589041,
        -0.6666666666666666,
        -0.9025023929987694,
        -2.8853064996406204,
        -2.1158463385354147,
        -0.9945300845350571,
        -1.6513761467889907,
        -1.5807962529274002,
        -0.7718120805369127
    ],
    "data_min_": [
        140.0,
        13.0,
        0.1,
        18.5,
        80.0,
        66.0,
        281.0,
        141.0,
        20.0,
        3.6,
        81.0,
        11.5
    ],
    "data_max_": [
        188.95,
        39.18,
        70.0,
        30.18,
        200.0,
        139.13,
        378.39,
        207.64,
        40.11,
        5.78,
        132.24,
        26.4
    ],
    "data_range_": [
        48.94999999999999,
        26.18,
        69.9,
        11.68,
        120.0,
        73.13,
        97.38999999999999,
        66.63999999999999,
        20.11,
        2.18,
        51.24000000000001,
        14.899999999999999
    ]
}